person__lastname,person__firstname,person__nickname,state,party,person__gender,person__birthday,role_type,senator_rank
Blunt,Roy,,MO,Republican,male,1950-01-10,senator,junior
Boozman,John,,AR,Republican,male,1950-12-10,senator,junior
Burr,Richard,,NC,Republican,male,1955-11-30,senator,senior
Isakson,John,Johnny,GA,Republican,male,1944-12-28,senator,junior
Kirk,Mark,,IL,Republican,male,1959-09-15,senator,junior
Moran,Jerry,,KS,Republican,male,1954-05-29,senator,junior
Portman,Robert,Rob,OH,Republican,male,1955-12-19,senator,junior
Toomey,Patrick,Pat,PA,Republican,male,1961-11-17,senator,junior
Udall,Mark,,CO,Democrat,male,1950-07-18,senator,senior
Udall,Tom,,NM,Democrat,male,1948-05-18,senator,senior
Vitter,David,,LA,Republican,male,1961-05-03,senator,junior
Alexander,Lamar,,TN,Republican,male,1940-07-03,senator,senior
Baucus,Max,,MT,Democrat,male,1941-12-11,senator,senior
Boxer,Barbara,,CA,Democrat,female,1940-11-11,senator,junior
Chambliss,Saxby,,GA,Republican,male,1943-11-10,senator,senior
Cochran,Thad,,MS,Republican,male,1937-12-07,senator,senior
Collins,Susan,,ME,Republican,female,1952-12-07,senator,senior
Cornyn,John,,TX,Republican,male,1952-02-02,senator,senior
Crapo,Michael,,ID,Republican,male,1951-05-20,senator,senior
Durbin,Richard,,IL,Democrat,male,1944-11-21,senator,senior
Enzi,Michael,,WY,Republican,male,1944-02-01,senator,senior
Graham,Lindsey,,SC,Republican,male,1955-07-09,senator,senior
Grassley,Charles,Chuck,IA,Republican,male,1933-09-17,senator,senior
Harkin,Thomas,Tom,IA,Democrat,male,1939-11-19,senator,junior
Inhofe,James,Jim,OK,Republican,male,1934-11-17,senator,senior
Schatz,Brian,,HI,Democrat,male,1972-10-20,senator,senior
Johnson,Tim,,SD,Democrat,male,1946-12-28,senator,senior
Landrieu,Mary,,LA,Democrat,female,1955-11-23,senator,senior
Leahy,Patrick,,VT,Democrat,male,1940-03-31,senator,senior
Levin,Carl,,MI,Democrat,male,1934-06-28,senator,senior
McCain,John,,AZ,Republican,male,1936-08-29,senator,senior
McConnell,Mitch,,KY,Republican,male,1942-02-20,senator,senior
Mikulski,Barbara,,MD,Democrat,female,1936-07-20,senator,senior
Murkowski,Lisa,,AK,Republican,female,1957-05-22,senator,senior
Murray,Patty,,WA,Democrat,female,1950-10-11,senator,senior
Pryor,Mark,,AR,Democrat,male,1963-01-10,senator,senior
Reed,John,Jack,RI,Democrat,male,1949-11-12,senator,senior
Reid,Harry,,NV,Democrat,male,1939-12-02,senator,senior
Roberts,Pat,,KS,Republican,male,1936-04-20,senator,senior
Rockefeller,John,Jay,WV,Democrat,male,1937-06-18,senator,senior
Schumer,Charles,,NY,Democrat,male,1950-11-23,senator,senior
Sessions,Jefferson,Jeff,AL,Republican,male,1946-12-24,senator,junior
Shelby,Richard,,AL,Republican,male,1934-05-06,senator,senior
Wyden,Ron,,OR,Democrat,male,1949-05-03,senator,senior
Thune,John,,SD,Republican,male,1961-01-07,senator,junior
Coburn,Thomas,,OK,Republican,male,1948-03-14,senator,junior
Coats,Daniel,,IN,Republican,male,1943-05-16,senator,senior
Johanns,Mike,,NE,Republican,male,1950-06-18,senator,senior
Warner,Mark,,VA,Democrat,male,1954-12-15,senator,senior
Risch,James,,ID,Republican,male,1943-05-03,senator,junior
Shaheen,Jeanne,,NH,Democrat,female,1947-01-28,senator,senior
Hagan,Kay,,NC,Democrat,female,1953-05-26,senator,junior
Merkley,Jeff,,OR,Democrat,male,1956-10-24,senator,junior
Begich,Mark,,AK,Democrat,male,1962-03-30,senator,junior
Bennet,Michael,,CO,Democrat,male,1964-11-28,senator,junior
Franken,Alan,Al,MN,Democrat,male,1951-05-21,senator,junior
Coons,Chris,,DE,Democrat,male,1963-09-09,senator,junior
Blumenthal,Richard,,CT,Democrat,male,1946-02-13,senator,senior
Rubio,Marco,,FL,Republican,male,1971-05-28,senator,junior
Paul,Rand,,KY,Republican,male,1963-01-07,senator,junior
Ayotte,Kelly,,NH,Republican,female,1968-06-27,senator,junior
Hoeven,John,,ND,Republican,male,1957-03-13,senator,senior
Lee,Mike,,UT,Republican,male,1971-06-04,senator,junior
Johnson,Ron,,WI,Republican,male,1955-04-08,senator,senior
Wicker,Roger,,MS,Republican,male,1951-07-05,senator,junior
Duncan,John,Jimmy,TN,Republican,male,1947-07-21,representative,
Pocan,Mark,,WI,Democrat,male,1964-08-14,representative,
Heck,Denny,,WA,Democrat,male,1952-07-29,representative,
Kilmer,Derek,,WA,Democrat,male,1974-01-01,representative,
Kaine,Timothy,,VA,Democrat,male,1958-02-26,senator,junior
Stewart,Chris,,UT,Republican,male,1960-07-15,representative,
Vela,Filemon,,TX,Democrat,male,1963-02-13,representative,
Veasey,Marc,,TX,Democrat,male,1971-01-03,representative,
Williams,Roger,,TX,Republican,male,1949-09-13,representative,
Gallego,Pete,,TX,Democrat,male,1961-12-02,representative,
Castro,Joaquin,,TX,Democrat,male,1974-09-16,representative,
O'Rourke,Beto,,TX,Democrat,male,1972-09-26,representative,
Weber,Randy,,TX,Republican,male,1953-07-02,representative,
Cruz,Ted,,TX,Republican,male,1970-12-22,senator,junior
Rice,Tom,,SC,Republican,male,1957-08-04,representative,
Cartwright,Matthew,,PA,Democrat,male,1961-05-01,representative,
Rothfus,Keith,,PA,Republican,male,1962-04-25,representative,
Perry,Scott,,PA,Republican,male,1962-05-27,representative,
Mullin,Markwayne,,OK,Republican,male,1977-07-26,representative,
Bridenstine,Jim,,OK,Republican,male,1975-06-15,representative,
Joyce,David,,OH,Republican,male,1957-03-17,representative,
Beatty,Joyce,,OH,Democrat,female,1950-03-12,representative,
Wenstrup,Brad,,OH,Republican,male,1958-06-17,representative,
Collins,Chris,,NY,Republican,male,1950-05-20,representative,
Maloney,Sean,,NY,Democrat,male,1966-07-30,representative,
Jeffries,Hakeem,,NY,Democrat,male,1970-08-04,representative,
Meng,Grace,,NY,Democrat,female,1975-10-01,representative,
Horsford,Steven,,NV,Democrat,male,1973-04-29,representative,
Lujan Grisham,Michelle,,NM,Democrat,female,1959-10-24,representative,
Kuster,Ann,,NH,Democrat,female,1956-09-05,representative,
Fischer,Deb,,NE,Republican,female,1951-03-01,senator,junior
Cramer,Kevin,,ND,Republican,male,1961-01-21,representative,
Heitkamp,Heidi,,ND,Democrat,female,1955-10-30,senator,junior
Holding,George,,NC,Republican,male,1968-04-17,representative,
Meadows,Mark,,NC,Republican,male,1959-07-28,representative,
Pittenger,Robert,,NC,Republican,male,1948-08-15,representative,
Hudson,Richard,,NC,Republican,male,1971-11-04,representative,
Daines,Steve,,MT,Republican,male,1962-08-20,representative,
Wagner,Ann,,MO,Republican,female,1962-09-13,representative,
Bentivolio,Kerry,,MI,Republican,male,1951-10-06,representative,
Kildee,Daniel,,MI,Democrat,male,1958-08-11,representative,
King,Angus,,ME,Independent,male,1944-03-31,senator,junior
Delaney,John,,MD,Democrat,male,1963-04-16,representative,
Kennedy,Joseph,,MA,Democrat,male,1980-10-04,representative,
Warren,Elizabeth,,MA,Democrat,female,1949-06-22,senator,senior
Barr,Garland,Andy,KY,Republican,male,1973-07-24,representative,
Messer,Luke,,IN,Republican,male,1969-02-27,representative,
Brooks,Susan,,IN,Republican,female,1960-08-25,representative,
Walorski,Jackie,,IN,Republican,female,1963-08-17,representative,
Bustos,Cheri,,IL,Democrat,female,1961-10-17,representative,
Davis,Rodney,,IL,Republican,male,1970-01-05,representative,
Enyart,William,,IL,Democrat,male,1949-09-22,representative,
Schneider,Bradley,,IL,Democrat,male,1961-08-20,representative,
Duckworth,Tammy,,IL,Democrat,female,1968-03-12,representative,
Gabbard,Tulsi,,HI,Democrat,female,1981-04-12,representative,
Collins,Doug,,GA,Republican,male,1966-08-16,representative,
Garcia,Joe,,FL,Democrat,male,1963-10-19,representative,
Frankel,Lois,,FL,Democrat,female,1948-05-16,representative,
Radel,Trey,,FL,Republican,male,1976-04-20,representative,
Murphy,Patrick,,FL,Democrat,male,1983-03-30,representative,
DeSantis,Ron,,FL,Republican,male,1978-09-14,representative,
Yoho,Ted,,FL,Republican,male,1955-04-13,representative,
Esty,Elizabeth,,CT,Democrat,female,1959-08-25,representative,
Peters,Scott,,CA,Democrat,male,1958-06-17,representative,
Vargas,Juan,,CA,Democrat,male,1961-03-07,representative,
Lowenthal,Alan,,CA,Democrat,male,1941-03-08,representative,
Takano,Mark,,CA,Democrat,male,1960-12-10,representative,
Ruiz,Raul,,CA,Democrat,male,1972-08-25,representative,
Negrete McLeod,Gloria,,CA,Democrat,female,1941-09-06,representative,
Cárdenas,Tony,,CA,Democrat,male,1963-03-31,representative,
Brownley,Julia,,CA,Democrat,female,1952-08-28,representative,
Valadao,David,,CA,Republican,male,1977-04-14,representative,
Swalwell,Eric,,CA,Democrat,male,1980-11-16,representative,
Cook,Paul,,CA,Republican,male,1943-03-03,representative,
Bera,Ami,,CA,Democrat,male,1965-03-02,representative,
Huffman,Jared,,CA,Democrat,male,1964-02-18,representative,
LaMalfa,Doug,,CA,Republican,male,1960-07-02,representative,
Sinema,Kyrsten,,AZ,Democrat,female,1976-07-12,representative,
Cotton,Tom,,AR,Republican,male,1977-05-13,representative,
Payne,Donald,,NJ,Democrat,male,1958-12-17,representative,
DelBene,Suzan,,WA,Democrat,female,1962-02-17,representative,
Massie,Thomas,,KY,Republican,male,1971-01-13,representative,
Barber,Ron,,AZ,Democrat,male,1945-08-25,representative,
Bonamici,Suzanne,,OR,Democrat,female,1954-10-14,representative,
Amodei,Mark,,NV,Republican,male,1958-06-12,representative,
Hahn,Janice,,CA,Democrat,female,1952-03-30,representative,
Ribble,Reid,,WI,Republican,male,1956-04-05,representative,
Duffy,Sean,,WI,Republican,male,1971-10-03,representative,
McKinley,David,,WV,Republican,male,1947-03-28,representative,
Herrera Beutler,Jaime,,WA,Republican,female,1978-11-03,representative,
Griffith,H.,,VA,Republican,male,1958-03-15,representative,
Hurt,Robert,,VA,Republican,male,1969-06-16,representative,
Rigell,E.,,VA,Republican,male,1960-05-28,representative,
Farenthold,Blake,,TX,Republican,male,1961-12-12,representative,
Flores,Bill,,TX,Republican,male,1954-02-25,representative,
Fincher,Stephen,,TN,Republican,male,1973-02-07,representative,
Black,Diane,,TN,Republican,female,1951-01-16,representative,
DesJarlais,Scott,,TN,Republican,male,1964-02-21,representative,
Fleischmann,Charles,Chuck,TN,Republican,male,1962-10-11,representative,
Noem,Kristi,,SD,Republican,female,1971-11-30,representative,
Mulvaney,Mick,,SC,Republican,male,1967-07-21,representative,
Gowdy,Trey,,SC,Republican,male,1964-08-22,representative,
Duncan,Jeff,,SC,Republican,male,1966-01-07,representative,
Scott,Tim,,SC,Republican,male,1965-09-19,senator,junior
Cicilline,David,,RI,Democrat,male,1961-07-15,representative,
Barletta,Lou,,PA,Republican,male,1956-01-28,representative,
Marino,Tom,,PA,Republican,male,1952-08-15,representative,
Meehan,Patrick,,PA,Republican,male,1955-10-20,representative,
Kelly,Mike,,PA,Republican,male,1948-05-10,representative,
Lankford,James,,OK,Republican,male,1968-03-04,representative,
Gibbs,Bob,,OH,Republican,male,1954-06-14,representative,
Renacci,James,,OH,Republican,male,1958-12-03,representative,
Stivers,Steve,,OH,Republican,male,1965-03-24,representative,
Johnson,Bill,,OH,Republican,male,1954-11-10,representative,
Ellmers,Renee,,NC,Republican,female,1964-02-09,representative,
Hanna,Richard,,NY,Republican,male,1951-01-25,representative,
Gibson,Christopher,,NY,Republican,male,1964-05-13,representative,
Grimm,Michael,,NY,Republican,male,1970-02-07,representative,
Runyan,Jon,,NJ,Republican,male,1973-11-27,representative,
Heck,Joseph,,NV,Republican,male,1961-10-30,representative,
Long,Billy,,MO,Republican,male,1955-08-11,representative,
Hartzler,Vicky,,MO,Republican,female,1960-10-13,representative,
Palazzo,Steven,,MS,Republican,male,1970-02-21,representative,
Nunnelee,Alan,,MS,Republican,male,1958-10-09,representative,
Amash,Justin,,MI,Republican,male,1980-04-18,representative,
Huizenga,Bill,,MI,Republican,male,1969-01-31,representative,
Benishek,Dan,,MI,Republican,male,1952-04-20,representative,
Keating,William,,MA,Democrat,male,1952-09-06,representative,
Harris,Andy,,MD,Republican,male,1957-01-25,representative,
Richmond,Cedric,,LA,Democrat,male,1973-09-13,representative,
Pompeo,Mike,,KS,Republican,male,1963-12-30,representative,
Yoder,Kevin,,KS,Republican,male,1976-01-08,representative,
Huelskamp,Tim,,KS,Republican,male,1968-11-11,representative,
Young,Todd,,IN,Republican,male,1972-08-24,representative,
Bucshon,Larry,,IN,Republican,male,1962-05-31,representative,
Rokita,Todd,,IN,Republican,male,1970-02-09,representative,
Hultgren,Randy,,IL,Republican,male,1966-03-01,representative,
Kinzinger,Adam,,IL,Republican,male,1978-02-27,representative,
Labrador,Raúl,,ID,Republican,male,1967-12-08,representative,
Hanabusa,Colleen,,HI,Democrat,female,1951-05-04,representative,
Scott,Austin,,GA,Republican,male,1969-12-10,representative,
Woodall,Rob,,GA,Republican,male,1970-02-11,representative,
Wilson,Frederica,,FL,Democrat,female,1942-11-05,representative,
Ross,Dennis,,FL,Republican,male,1959-10-18,representative,
Webster,Daniel,,FL,Republican,male,1949-04-27,representative,
Nugent,Richard,,FL,Republican,male,1951-05-26,representative,
Southerland,Steve,,FL,Republican,male,1965-10-10,representative,
Carney,John,,DE,Democrat,male,1956-05-20,representative,
Gardner,Cory,,CO,Republican,male,1974-08-22,representative,
Tipton,Scott,,CO,Republican,male,1956-11-09,representative,
Bass,Karen,,CA,Democrat,female,1953-10-03,representative,
Denham,Jeff,,CA,Republican,male,1967-07-29,representative,
Womack,Steve,,AR,Republican,male,1957-02-18,representative,
Griffin,Tim,,AR,Republican,male,1968-08-21,representative,
Crawford,Eric,Rick,AR,Republican,male,1966-01-22,representative,
Schweikert,David,,AZ,Republican,male,1962-03-03,representative,
Gosar,Paul,,AZ,Republican,male,1958-11-22,representative,
Sewell,Terri,,AL,Democrat,female,1965-01-01,representative,
Brooks,Mo,,AL,Republican,male,1954-04-29,representative,
Roby,Martha,,AL,Republican,female,1976-07-27,representative,
Reed,Tom,,NY,Republican,male,1971-11-18,representative,
Stutzman,Marlin,,IN,Republican,male,1976-08-31,representative,
Manchin,Joe,,WV,Democrat,male,1947-08-24,senator,junior
Graves,Tom,,GA,Republican,male,1970-02-03,representative,
Deutch,Theodore,,FL,Democrat,male,1966-05-07,representative,
Owens,William,,NY,Democrat,male,1949-01-20,representative,
Garamendi,John,,CA,Democrat,male,1945-01-24,representative,
Chu,Judy,,CA,Democrat,female,1953-07-07,representative,
Quigley,Mike,,IL,Democrat,male,1958-10-17,representative,
Fudge,Marcia,,OH,Democrat,female,1952-10-29,representative,
Tonko,Paul,,NY,Democrat,male,1949-06-18,representative,
Titus,Dina,,NV,Democrat,female,1950-05-23,representative,
Thompson,Glenn,,PA,Republican,male,1959-07-27,representative,
Schrader,Kurt,,OR,Democrat,male,1951-10-19,representative,
Schock,Aaron,,IL,Republican,male,1981-05-28,representative,
Sablan,Gregorio,,MP,Democrat,male,1955-01-19,representative,
Rooney,Thomas,,FL,Republican,male,1970-11-21,representative,
Roe,David,Phil,TN,Republican,male,1945-07-21,representative,
Posey,Bill,,FL,Republican,male,1947-12-18,representative,
Polis,Jared,,CO,Democrat,male,1975-05-12,representative,
Pingree,Chellie,,ME,Democrat,female,1955-04-02,representative,
Pierluisi,Pedro,,PR,Democrat,male,1959-04-26,representative,
Peters,Gary,,MI,Democrat,male,1958-12-01,representative,
Paulsen,Erik,,MN,Republican,male,1965-05-14,representative,
Olson,Pete,,TX,Republican,male,1962-12-09,representative,
Maffei,Daniel,,NY,Democrat,male,1968-07-04,representative,
McClintock,Tom,,CA,Republican,male,1956-07-10,representative,
Lummis,Cynthia,,WY,Republican,female,1954-09-10,representative,
Luján,Ben,,NM,Democrat,male,1972-06-07,representative,
Luetkemeyer,Blaine,,MO,Republican,male,1952-05-07,representative,
Lance,Leonard,,NJ,Republican,male,1952-06-25,representative,
Kirkpatrick,Ann,,AZ,Democrat,female,1950-03-24,representative,
Jenkins,Lynn,,KS,Republican,female,1963-06-10,representative,
Hunter,Duncan,,CA,Republican,male,1976-12-07,representative,
Himes,James,,CT,Democrat,male,1966-07-05,representative,
Heinrich,Martin,,NM,Democrat,male,1971-10-17,senator,junior
Harper,Gregg,,MS,Republican,male,1956-06-01,representative,
Guthrie,Brett,,KY,Republican,male,1964-02-18,representative,
Grayson,Alan,,FL,Democrat,male,1958-03-13,representative,
Fleming,John,,LA,Republican,male,1951-07-05,representative,
Connolly,Gerald,,VA,Democrat,male,1950-03-30,representative,
Coffman,Mike,,CO,Republican,male,1955-03-19,representative,
Chaffetz,Jason,,UT,Republican,male,1967-03-26,representative,
Cassidy,Bill,,LA,Republican,male,1957-09-28,representative,
Edwards,Donna,,MD,Democrat,female,1958-06-28,representative,
Scalise,Steve,,LA,Republican,male,1965-10-06,representative,
Speier,Jackie,,CA,Democrat,female,1950-05-14,representative,
Carson,André,,IN,Democrat,male,1974-10-16,representative,
Foster,Bill,,IL,Democrat,male,1955-10-07,representative,
Latta,Robert,,OH,Republican,male,1956-04-18,representative,
Wittman,Robert,,VA,Republican,male,1959-02-03,representative,
Tsongas,Niki,,MA,Democrat,female,1946-04-26,representative,
Broun,Paul,,GA,Republican,male,1946-05-14,representative,
Barrasso,John,,WY,Republican,male,1952-07-21,senator,junior
Bilirakis,Gus,,FL,Republican,male,1963-02-08,representative,
Corker,Bob,,TN,Republican,male,1952-08-24,senator,junior
Whitehouse,Sheldon,,RI,Democrat,male,1955-10-20,senator,junior
Casey,Robert,Bob,PA,Democrat,male,1960-04-13,senator,senior
Tester,Jon,,MT,Democrat,male,1956-08-21,senator,junior
McCaskill,Claire,,MO,Democrat,female,1953-07-24,senator,senior
Klobuchar,Amy,,MN,Democrat,female,1960-05-25,senator,senior
Welch,Peter,,VT,Democrat,male,1947-05-02,representative,
Cohen,Steve,,TN,Democrat,male,1949-05-24,representative,
Jordan,Jim,,OH,Republican,male,1964-02-17,representative,
Gillibrand,Kirsten,,NY,Democrat,female,1966-12-09,senator,junior
Clarke,Yvette,,NY,Democrat,female,1964-11-21,representative,
Shea-Porter,Carol,,NH,Democrat,female,1952-12-02,representative,
Heller,Dean,,NV,Republican,male,1960-05-10,senator,junior
Smith,Adrian,,NE,Republican,male,1970-12-19,representative,
Bachmann,Michele,,MN,Republican,female,1956-04-06,representative,
Ellison,Keith,,MN,Democrat,male,1963-08-04,representative,
Walz,Timothy,,MN,Democrat,male,1964-04-06,representative,
Walberg,Tim,,MI,Republican,male,1951-04-12,representative,
Sarbanes,John,,MD,Democrat,male,1962-05-22,representative,
Yarmuth,John,,KY,Democrat,male,1947-11-04,representative,
Loebsack,David,,IA,Democrat,male,1952-12-23,representative,
Braley,Bruce,,IA,Democrat,male,1957-10-30,representative,
Donnelly,Joe,,IN,Democrat,male,1955-09-28,senator,junior
Roskam,Peter,,IL,Republican,male,1961-09-13,representative,
Hirono,Mazie,,HI,Democrat,female,1947-11-03,senator,junior
Johnson,Henry,Hank,GA,Democrat,male,1954-10-02,representative,
Buchanan,Vern,,FL,Republican,male,1951-05-08,representative,
Castor,Kathy,,FL,Democrat,female,1966-08-20,representative,
Murphy,Christopher,,CT,Democrat,male,1973-08-03,senator,junior
Courtney,Joe,,CT,Democrat,male,1953-04-06,representative,
Perlmutter,Ed,,CO,Democrat,male,1953-05-01,representative,
Lamborn,Doug,,CO,Republican,male,1954-05-24,representative,
McCarthy,Kevin,,CA,Republican,male,1965-01-26,representative,
McNerney,Jerry,,CA,Democrat,male,1951-06-18,representative,
Sires,Albio,,NJ,Democrat,male,1951-01-26,representative,
Campbell,John,,CA,Republican,male,1955-07-19,representative,
Stockman,Steve,,TX,Republican,male,1956-11-14,representative,
Shuster,Bill,,PA,Republican,male,1961-01-10,representative,
Nolan,Richard,,MN,Democrat,male,1943-12-17,representative,
Matsui,Doris,,CA,Democrat,female,1944-09-25,representative,
Moore,Gwen,,WI,Democrat,female,1951-04-18,representative,
Reichert,David,,WA,Republican,male,1950-08-29,representative,
McMorris Rodgers,Cathy,,WA,Republican,female,1969-05-22,representative,
Cuellar,Henry,,TX,Democrat,male,1955-09-19,representative,
Marchant,Kenny,,TX,Republican,male,1951-02-23,representative,
Conaway,K.,,TX,Republican,male,1948-06-11,representative,
McCaul,Michael,,TX,Republican,male,1962-01-14,representative,
Green,Al,,TX,Democrat,male,1947-09-01,representative,
Poe,Ted,,TX,Republican,male,1948-09-10,representative,
Gohmert,Louie,,TX,Republican,male,1953-08-18,representative,
Dent,Charles,,PA,Republican,male,1960-05-24,representative,
Schwartz,Allyson,,PA,Democrat,female,1948-10-03,representative,
Fitzpatrick,Michael,,PA,Republican,male,1963-06-28,representative,
McHenry,Patrick,,NC,Republican,male,1975-10-22,representative,
Foxx,Virginia,,NC,Republican,female,1943-06-29,representative,
Higgins,Brian,,NY,Democrat,male,1959-10-06,representative,
Fortenberry,Jeff,,NE,Republican,male,1960-12-27,representative,
Cleaver,Emanuel,,MO,Democrat,male,1944-10-26,representative,
Boustany,Charles,,LA,Republican,male,1956-02-21,representative,
Lipinski,Daniel,,IL,Democrat,male,1966-07-15,representative,
Barrow,John,,GA,Democrat,male,1955-10-31,representative,
Westmoreland,Lynn,,GA,Republican,male,1950-04-02,representative,
Price,Tom,,GA,Republican,male,1954-10-08,representative,
Wasserman Schultz,Debbie,,FL,Democrat,female,1966-09-27,representative,
Costa,Jim,,CA,Democrat,male,1952-04-13,representative,
Butterfield,George,G.K.,NC,Democrat,male,1947-04-27,representative,
Salmon,Matt,,AZ,Republican,male,1958-01-21,representative,
Stabenow,Debbie,,MI,Democrat,female,1950-04-29,senator,junior
Nelson,Bill,,FL,Democrat,male,1942-09-29,senator,senior
Hatch,Orrin,,UT,Republican,male,1934-03-22,senator,senior
Feinstein,Dianne,,CA,Democrat,female,1933-06-22,senator,senior
Carper,Thomas,,DE,Democrat,male,1947-01-23,senator,senior
Cantwell,Maria,,WA,Democrat,female,1958-10-13,senator,junior
Neugebauer,Randy,,TX,Republican,male,1949-12-24,representative,
Young,Don,,AK,Republican,male,1933-06-09,representative,
Young,C.,,FL,Republican,male,1930-12-16,representative,
Wolf,Frank,,VA,Republican,male,1939-01-30,representative,
Wilson,Joe,,SC,Republican,male,1947-07-31,representative,
Whitfield,Ed,,KY,Republican,male,1943-05-25,representative,
Waxman,Henry,,CA,Democrat,male,1939-09-12,representative,
Watt,Melvin,Mel,NC,Democrat,male,1945-08-26,representative,
Waters,Maxine,,CA,Democrat,female,1938-08-15,representative,
Walden,Greg,,OR,Republican,male,1957-01-10,representative,
Visclosky,Peter,,IN,Democrat,male,1949-08-13,representative,
Velázquez,Nydia,,NY,Democrat,female,1953-03-28,representative,
Van Hollen,Chris,,MD,Democrat,male,1959-01-10,representative,
Upton,Fred,,MI,Republican,male,1953-04-23,representative,
Turner,Michael,,OH,Republican,male,1960-01-11,representative,
Tierney,John,,MA,Democrat,male,1951-09-18,representative,
Tiberi,Patrick,Pat,OH,Republican,male,1962-10-21,representative,
Thornberry,Mac,,TX,Republican,male,1958-07-15,representative,
Thompson,Bennie,,MS,Democrat,male,1948-01-28,representative,
Thompson,Mike,,CA,Democrat,male,1951-01-24,representative,
Terry,Lee,,NE,Republican,male,1962-01-29,representative,
Smith,Adam,,WA,Democrat,male,1965-06-15,representative,
Smith,Lamar,,TX,Republican,male,1947-11-19,representative,
Smith,Christopher,Chris,NJ,Republican,male,1953-03-04,representative,
Slaughter,Louise,,NY,Democrat,female,1929-08-14,representative,
Simpson,Michael,Mike,ID,Republican,male,1950-09-08,representative,
Shimkus,John,,IL,Republican,male,1958-02-21,representative,
Sherman,Brad,,CA,Democrat,male,1954-10-24,representative,
Sessions,Pete,,TX,Republican,male,1955-03-22,representative,
Serrano,José,,NY,Democrat,male,1943-10-24,representative,
Sensenbrenner,F.,,WI,Republican,male,1943-06-14,representative,
Scott,Robert,Bobby,VA,Democrat,male,1947-04-30,representative,
Scott,David,,GA,Democrat,male,1945-06-27,representative,
Schiff,Adam,,CA,Democrat,male,1960-06-22,representative,
Schakowsky,Janice,Jan,IL,Democrat,female,1944-05-26,representative,
Sanders,Bernard,Bernie,VT,Independent,male,1941-09-08,senator,junior
Sanchez,Loretta,,CA,Democrat,female,1960-01-07,representative,
Sánchez,Linda,,CA,Democrat,female,1969-01-28,representative,
Ryan,Paul,,WI,Republican,male,1970-01-29,representative,
Ryan,Tim,,OH,Democrat,male,1973-07-16,representative,
Rush,Bobby,,IL,Democrat,male,1946-11-23,representative,
Ruppersberger,C.,,MD,Democrat,male,1946-01-31,representative,
Royce,Edward,Ed,CA,Republican,male,1951-10-12,representative,
Roybal-Allard,Lucille,,CA,Democrat,female,1941-06-12,representative,
Ros-Lehtinen,Ileana,,FL,Republican,female,1952-07-15,representative,
Rohrabacher,Dana,,CA,Republican,male,1947-06-21,representative,
Rogers,Mike,,MI,Republican,male,1963-06-02,representative,
Rogers,Harold,Hal,KY,Republican,male,1937-12-31,representative,
Rogers,Mike,,AL,Republican,male,1958-07-16,representative,
Rangel,Charles,,NY,Democrat,male,1930-06-11,representative,
Rahall,Nick,,WV,Democrat,male,1949-05-20,representative,
Price,David,,NC,Democrat,male,1940-08-17,representative,
Pitts,Joseph,,PA,Republican,male,1939-10-10,representative,
Petri,Thomas,Tom,WI,Republican,male,1940-05-28,representative,
Peterson,Collin,,MN,Democrat,male,1944-06-29,representative,
Pelosi,Nancy,,CA,Democrat,female,1940-03-26,representative,
Pearce,Stevan,Steve,NM,Republican,male,1947-08-24,representative,
Pastor,Ed,,AZ,Democrat,male,1943-06-28,representative,
Pascrell,Bill,,NJ,Democrat,male,1937-01-25,representative,
Pallone,Frank,,NJ,Democrat,male,1951-10-30,representative,
Nunes,Devin,,CA,Republican,male,1973-10-01,representative,
Norton,Eleanor,,DC,Democrat,female,1937-06-13,representative,
Neal,Richard,,MA,Democrat,male,1949-02-14,representative,
Napolitano,Grace,,CA,Democrat,female,1936-12-04,representative,
Nadler,Jerrold,,NY,Democrat,male,1947-06-13,representative,
Murphy,Tim,,PA,Republican,male,1952-09-11,representative,
Moran,James,Jim,VA,Democrat,male,1945-05-16,representative,
Miller,Jeff,,FL,Republican,male,1959-06-27,representative,
Miller,George,,CA,Democrat,male,1945-05-17,representative,
Miller,Gary,,CA,Republican,male,1948-10-16,representative,
Miller,Candice,,MI,Republican,female,1954-05-07,representative,
Michaud,Michael,,ME,Democrat,male,1955-01-18,representative,
Mica,John,,FL,Republican,male,1943-01-27,representative,
Menéndez,Robert,Bob,NJ,Democrat,male,1954-01-01,senator,senior
Meeks,Gregory,,NY,Democrat,male,1953-09-25,representative,
McKeon,Howard,Buck,CA,Republican,male,1938-09-09,representative,
McIntyre,Mike,,NC,Democrat,male,1956-08-06,representative,
McGovern,James,Jim,MA,Democrat,male,1959-11-20,representative,
McDermott,Jim,,WA,Democrat,male,1936-12-28,representative,
McCollum,Betty,,MN,Democrat,female,1954-07-12,representative,
McCarthy,Carolyn,,NY,Democrat,female,1944-01-05,representative,
Matheson,Jim,,UT,Democrat,male,1960-03-21,representative,
Maloney,Carolyn,,NY,Democrat,female,1946-02-19,representative,
Lynch,Stephen,,MA,Democrat,male,1955-03-31,representative,
Lucas,Frank,,OK,Republican,male,1960-01-06,representative,
Lowey,Nita,,NY,Democrat,female,1937-07-05,representative,
Lofgren,Zoe,,CA,Democrat,female,1947-12-21,representative,
LoBiondo,Frank,,NJ,Republican,male,1946-05-12,representative,
Lewis,John,,GA,Democrat,male,1940-02-21,representative,
Levin,Sander,,MI,Democrat,male,1931-09-06,representative,
Jackson Lee,Sheila,,TX,Democrat,female,1950-01-12,representative,
Lee,Barbara,,CA,Democrat,female,1946-07-16,representative,
Latham,Tom,,IA,Republican,male,1948-07-14,representative,
Larson,John,,CT,Democrat,male,1948-07-22,representative,
Larsen,Rick,,WA,Democrat,male,1965-06-15,representative,
Langevin,James,Jim,RI,Democrat,male,1964-04-22,representative,
Kline,John,,MN,Republican,male,1947-09-06,representative,
Kingston,Jack,,GA,Republican,male,1955-04-24,representative,
King,Peter,Pete,NY,Republican,male,1944-04-05,representative,
King,Steve,,IA,Republican,male,1949-05-28,representative,
Kind,Ron,,WI,Democrat,male,1963-03-16,representative,
Kaptur,Marcy,,OH,Democrat,female,1946-06-17,representative,
Jones,Walter,,NC,Republican,male,1943-02-10,representative,
Johnson,Eddie,,TX,Democrat,female,1935-12-03,representative,
Johnson,Sam,,TX,Republican,male,1930-10-11,representative,
Issa,Darrell,,CA,Republican,male,1953-11-01,representative,
Israel,Steve,,NY,Democrat,male,1958-05-30,representative,
Hoyer,Steny,,MD,Democrat,male,1939-06-14,representative,
Honda,Michael,Mike,CA,Democrat,male,1941-06-27,representative,
Holt,Rush,,NJ,Democrat,male,1948-10-15,representative,
Hinojosa,Rubén,,TX,Democrat,male,1940-08-20,representative,
Hensarling,Jeb,,TX,Republican,male,1957-05-29,representative,
Hastings,Doc,,WA,Republican,male,1941-02-07,representative,
Hastings,Alcee,,FL,Democrat,male,1936-09-05,representative,
Hall,Ralph,,TX,Republican,male,1923-05-03,representative,
Gutiérrez,Luis,,IL,Democrat,male,1953-12-10,representative,
Grijalva,Raúl,,AZ,Democrat,male,1948-02-19,representative,
Green,Gene,,TX,Democrat,male,1947-10-17,representative,
Graves,Sam,,MO,Republican,male,1963-11-07,representative,
Granger,Kay,,TX,Republican,female,1943-01-18,representative,
Goodlatte,Bob,,VA,Republican,male,1952-09-22,representative,
Gingrey,Phil,,GA,Republican,male,1942-07-10,representative,
Gerlach,Jim,,PA,Republican,male,1955-02-25,representative,
Garrett,Scott,,NJ,Republican,male,1959-07-09,representative,
Frelinghuysen,Rodney,,NJ,Republican,male,1946-04-29,representative,
Franks,Trent,,AZ,Republican,male,1957-06-19,representative,
Forbes,J.,,VA,Republican,male,1952-02-17,representative,
Flake,Jeff,,AZ,Republican,male,1962-12-31,senator,junior
Fattah,Chaka,,PA,Democrat,male,1956-11-21,representative,
Farr,Sam,,CA,Democrat,male,1941-07-04,representative,
Faleomavaega,Eni,,AS,Democrat,male,1943-08-15,representative,
Eshoo,Anna,,CA,Democrat,female,1942-12-13,representative,
Engel,Eliot,,NY,Democrat,male,1947-02-18,representative,
Doyle,Michael,Mike,PA,Democrat,male,1953-08-05,representative,
Doggett,Lloyd,,TX,Democrat,male,1946-10-06,representative,
Dingell,John,,MI,Democrat,male,1926-07-08,representative,
Diaz-Balart,Mario,,FL,Republican,male,1961-09-25,representative,
DeLauro,Rosa,,CT,Democrat,female,1943-03-02,representative,
DeGette,Diana,,CO,Democrat,female,1957-07-29,representative,
DeFazio,Peter,,OR,Democrat,male,1947-05-27,representative,
Davis,Danny,,IL,Democrat,male,1941-09-06,representative,
Davis,Susan,,CA,Democrat,female,1944-04-13,representative,
Cummings,Elijah,,MD,Democrat,male,1951-01-18,representative,
Culberson,John,,TX,Republican,male,1956-08-24,representative,
Crowley,Joseph,,NY,Democrat,male,1962-03-16,representative,
Crenshaw,Ander,,FL,Republican,male,1944-09-01,representative,
Cooper,Jim,,TN,Democrat,male,1954-06-19,representative,
Conyers,John,,MI,Democrat,male,1929-05-16,representative,
Cole,Tom,,OK,Republican,male,1949-04-28,representative,
Coble,Howard,,NC,Republican,male,1931-03-18,representative,
Clyburn,James,Jim,SC,Democrat,male,1940-07-21,representative,
Clay,Wm.,,MO,Democrat,male,1956-07-27,representative,
Christensen,Donna,,VI,Democrat,female,1945-09-19,representative,
Chabot,Steve,,OH,Republican,male,1953-01-22,representative,
Carter,John,,TX,Republican,male,1941-11-06,representative,
Cardin,Benjamin,,MD,Democrat,male,1943-10-05,senator,junior
Capuano,Michael,,MA,Democrat,male,1952-01-09,representative,
Capps,Lois,,CA,Democrat,female,1938-01-10,representative,
Capito,Shelley,,WV,Republican,female,1953-11-26,representative,
Cantor,Eric,,VA,Republican,male,1963-06-06,representative,
Camp,Dave,,MI,Republican,male,1953-07-09,representative,
Calvert,Ken,,CA,Republican,male,1953-06-08,representative,
Burgess,Michael,,TX,Republican,male,1950-12-23,representative,
Brown,Sherrod,,OH,Democrat,male,1952-11-09,senator,senior
Brown,Corrine,,FL,Democrat,female,1946-11-11,representative,
Brady,Kevin,,TX,Republican,male,1955-04-11,representative,
Brady,Robert,,PA,Democrat,male,1945-04-07,representative,
Bordallo,Madeleine,,GU,Democrat,female,1933-05-31,representative,
Boehner,John,,OH,Republican,male,1949-11-17,representative,
Blumenauer,Earl,,OR,Democrat,male,1948-08-16,representative,
Blackburn,Marsha,,TN,Republican,female,1952-06-06,representative,
Bishop,Rob,,UT,Republican,male,1951-07-13,representative,
Bishop,Timothy,,NY,Democrat,male,1950-06-01,representative,
Bishop,Sanford,,GA,Democrat,male,1947-02-04,representative,
Becerra,Xavier,,CA,Democrat,male,1958-01-26,representative,
Barton,Joe,,TX,Republican,male,1949-09-15,representative,
Baldwin,Tammy,,WI,Democrat,female,1962-02-11,senator,junior
Bachus,Spencer,,AL,Republican,male,1947-12-28,representative,
Andrews,Robert,Rob,NJ,Democrat,male,1957-08-04,representative,
Aderholt,Robert,,AL,Republican,male,1965-07-22,representative,
Kelly,Robin,,IL,Democrat,female,1956-04-30,representative,
Sanford,Marshall,Mark,SC,Republican,male,1960-05-28,representative,
Smith,Jason,,MO,Republican,male,1980-06-16,representative,
Chiesa,Jeffrey,,NJ,Republican,male,1965-06-22,senator,junior
Markey,Edward,Ed,MA,Democrat,male,1946-07-11,senator,junior
